Sample ID,Pop,Subsp.,collection date,Collection Month,Collection Year,Genotyped?,sequenced?,published?,Sex,Original owner
EINP_W01,EINP,Wood,10/22/23,October,2023,yes,yes,,N/A,Christopher Kyle
EINP_W02,EINP,Wood,10/22/23,October,2023,yes,yes,,N/A,Christopher Kyle
EINP_W03,EINP,Wood,10/22/23,October,2023,yes,yes,,N/A,Christopher Kyle
EINP_W04,EINP,Wood,10/22/23,October,2023,yes,yes,,N/A,Christopher Kyle
EINP_W05,EINP,Wood,10/22/23,October,2023,yes,yes,,F,Christopher Kyle
EINP_W06,EINP,Wood,10/22/23,October,2023,yes,yes,,N/A,Christopher Kyle
EINP_W07,EINP,Wood,10/22/23,October,2023,yes,yes,,N/A,Christopher Kyle
EINP_W08,EINP,Wood,10/22/23,October,2023,yes,yes,,F,Christopher Kyle
EINP_W09,EINP,Wood,10/22/23,October,2023,yes,yes,,N/A,Christopher Kyle
EINP_W10,EINP,Wood,10/22/23,October,2023,yes,yes,,N/A,Christopher Kyle
EINP_W11,EINP,Wood,10/22/23,October,2023,yes,yes,,F,Christopher Kyle
EINP_W12,EINP,Wood,10/22/23,October,2023,yes,yes,,N/A,Christopher Kyle
EINP_W13,EINP,Wood,10/22/23,October,2023,yes,yes,,N/A,Christopher Kyle
EINP_W14,EINP,Wood,10/22/23,October,2023,yes,yes,,F,Christopher Kyle
EINP_W15,EINP,Wood,10/22/23,October,2023,yes,yes,,F,Christopher Kyle
EINP_W16,EINP,Wood,10/22/23,October,2023,yes,yes,,N/A,Christopher Kyle
EINP_W17,EINP,Wood,10/22/23,October,2023,yes,yes,,N/A,Christopher Kyle
EINP_W18,EINP,Wood,10/22/23,October,2023,yes,yes,,N/A,Christopher Kyle
EINP_W19,EINP,Wood,10/22/23,October,2023,yes,yes,,M,Christopher Kyle
EINP_W20,EINP,Wood,10/22/23,October,2023,yes,yes,,M,Christopher Kyle
EINP_W21,EINP,Wood,10/22/23,October,2023,yes,yes,,N/A,Christopher Kyle
EINP_W22,EINP,Wood,10/22/23,October,2023,yes,yes,,N/A,Christopher Kyle
EINP_W23,EINP,Wood,10/22/23,October,2023,yes,yes,,N/A,Christopher Kyle
EINP_W24,EINP,Wood,10/22/23,October,2023,yes,yes,,N/A,Christopher Kyle
EINP_W25,EINP,Wood,10/22/23,October,2023,yes,yes,,N/A,Christopher Kyle
EINP_W26,EINP,Wood,10/22/23,October,2023,yes,yes,,N/A,Christopher Kyle
EINP_W27,EINP,Wood,10/22/23,October,2023,yes,yes,,N/A,Christopher Kyle
EINP_W28,EINP,Wood,10/22/23,October,2023,yes,yes,,N/A,Christopher Kyle
EINP_W29,EINP,Wood,10/22/23,October,2023,yes,,,N/A,Christopher Kyle
EINP_W30,EINP,Wood,10/22/23,October,2023,yes,,,N/A,Christopher Kyle
EINP_W31,EINP,Wood,10/22/23,October,2023,yes,,,N/A,Christopher Kyle
EINP_W32,EINP,Wood,10/22/23,October,2023,yes,,,N/A,Christopher Kyle
EINP_W33,EINP,Wood,10/22/23,October,2023,yes,yes,,M,Christopher Kyle
EINP_W34,EINP,Wood,10/22/23,October,2023,yes,yes,,F,Christopher Kyle
EINP_W35,EINP,Wood,10/22/23,October,2023,yes,yes,,M,Christopher Kyle
EINP_W36,EINP,Wood,10/22/23,October,2023,yes,yes,,M,Christopher Kyle
EINP_W37,EINP,Wood,10/22/23,October,2023,yes,yes,,M,Christopher Kyle
EINP_W38,EINP,Wood,10/22/23,October,2023,yes,yes,,M,Christopher Kyle
EINP_W39,EINP,Wood,10/22/23,October,2023,yes,yes,,M,Christopher Kyle
EINP_W40,EINP,Wood,10/22/23,October,2023,yes,yes,,N/A,Christopher Kyle
EINP_W41,EINP,Wood,10/22/23,October,2023,yes,yes,,F,Christopher Kyle
EINP_W42,EINP,Wood,10/22/23,October,2023,yes,yes,,N/A,Christopher Kyle
EINP_W43,EINP,Wood,10/22/23,October,2023,yes,yes,,M,Christopher Kyle
EINP_W44,EINP,Wood,10/22/23,October,2023,yes,,,N/A,Christopher Kyle
EINP_W45,EINP,Wood,10/22/23,October,2023,yes,,,N/A,Christopher Kyle
EINP_W46,EINP,Wood,10/22/23,October,2023,yes,,,N/A,Christopher Kyle
EINP_W47,EINP,Wood,10/22/23,October,2023,yes,,,N/A,Christopher Kyle
EINP_W48,EINP,Wood,10/22/23,October,2023,yes,yes,,N/A,Christopher Kyle
EINP_W49,EINP,Wood,10/22/23,October,2023,yes,,,N/A,Christopher Kyle
EINP_W50,EINP,Wood,10/22/23,October,2023,yes,yes,,N/A,Christopher Kyle
EINP_W51,EINP,Wood,10/22/23,October,2023,yes,,,N/A,Christopher Kyle
EINP_W52,EINP,Wood,10/22/23,October,2023,yes,yes,,F,Christopher Kyle
EINP_W53,EINP,Wood,10/22/23,October,2023,yes,,,N/A,Christopher Kyle
EINP_W54,EINP,Wood,10/22/23,October,2023,yes,yes,,N/A,Christopher Kyle
EINP_W55,EINP,Wood,10/22/23,October,2023,yes,yes,,M,Christopher Kyle
EINP_W56,EINP,Wood,10/22/23,October,2023,yes,yes,,N/A,Christopher Kyle
EINP_W57,EINP,Wood,10/22/23,October,2023,yes,yes,,N/A,Christopher Kyle
EINP_W58,EINP,Wood,10/22/23,October,2023,yes,yes,,M,Christopher Kyle
EINP_W59,EINP,Wood,10/22/23,October,2023,yes,yes,,N/A,Christopher Kyle
EINP_W60,EINP,Wood,10/22/23,October,2023,yes,yes,,N/A,Christopher Kyle
EINP_W61,EINP,Wood,10/22/23,October,2023,yes,yes,,N/A,Christopher Kyle
EINP_W62,EINP,Wood,10/22/23,October,2023,yes,yes,,M,Christopher Kyle
EINP_W63,EINP,Wood,10/22/23,October,2023,yes,yes,,M,Christopher Kyle
EINP_W64,EINP,Wood,10/22/23,October,2023,yes,yes,,F,Christopher Kyle
EINP_W65,EINP,Wood,10/22/23,October,2023,yes,yes,,M,Christopher Kyle
EINP_W66,EINP,Wood,10/22/23,October,2023,yes,yes,,F,Christopher Kyle
EINP_W67,EINP,Wood,10/22/23,October,2023,yes,yes,,F,Christopher Kyle
EINP_W68,EINP,Wood,10/22/23,October,2023,yes,yes,,F,Christopher Kyle
EINP_W69,EINP,Wood,10/22/23,October,2023,yes,yes,,F,Christopher Kyle
EINP_W70,EINP,Wood,10/22/23,October,2023,yes,yes,,N/A,Christopher Kyle
EINP_W71,EINP,Wood,10/22/23,October,2023,yes,yes,,F,Christopher Kyle
EINP_W72,EINP,Wood,10/22/23,October,2023,yes,yes,,M,Christopher Kyle
EINP_W73,EINP,Wood,10/22/23,October,2023,yes,yes,,F,Christopher Kyle
EINP_W74,EINP,Wood,10/22/23,October,2023,yes,yes,,M,Christopher Kyle
EINP_W75,EINP,Wood,10/22/23,October,2023,yes,yes,,N/A,Christopher Kyle
EINP_W76,EINP,Wood,10/22/23,October,2023,yes,yes,,F,Christopher Kyle
EINP_W77,EINP,Wood,10/22/23,October,2023,yes,yes,,N/A,Christopher Kyle
EINP_W78,EINP,Wood,10/22/23,October,2023,yes,yes,,N/A,Christopher Kyle
EINP_W79,EINP,Wood,10/22/23,October,2023,yes,yes,,F,Christopher Kyle
EINP_W80,EINP,Wood,10/22/23,October,2023,yes,yes,,M,Christopher Kyle
EINP_W81,EINP,Wood,10/22/23,October,2023,yes,yes,,F,Christopher Kyle
EINP_W82,EINP,Wood,10/22/23,October,2023,yes,yes,,M,Christopher Kyle
EINP_W83,EINP,Wood,10/22/23,October,2023,yes,yes,,F,Christopher Kyle
EINP_W84,EINP,Wood,10/22/23,October,2023,yes,yes,,M,Christopher Kyle
EINP_W85,EINP,Wood,10/22/23,October,2023,yes,yes,,N/A,Christopher Kyle
EINP_W86,EINP,Wood,10/22/23,October,2023,yes,yes,,N/A,Christopher Kyle
EINP_W87,EINP,Wood,10/22/23,October,2023,yes,yes,,F,Christopher Kyle
EINP_W88,EINP,Wood,10/22/23,October,2023,yes,yes,,N/A,Christopher Kyle
EINP_W89,EINP,Wood,10/22/23,October,2023,yes,yes,,M,Christopher Kyle
EINP_W90,EINP,Wood,10/22/23,October,2023,yes,yes,,N/A,Christopher Kyle
EINP_W91,EINP,Wood,10/22/23,October,2023,yes,yes,,F,Christopher Kyle
EINP_W92,EINP,Wood,10/22/23,October,2023,yes,yes,,M,Christopher Kyle
EINP_W93,EINP,Wood,10/22/23,October,2023,yes,yes,,M,Christopher Kyle
EINP_W94,EINP,Wood,10/22/23,October,2023,yes,yes,,M,Christopher Kyle
EINP_W95,EINP,Wood,10/22/23,October,2023,yes,yes,,N/A,Christopher Kyle
EINP_W96,EINP,Wood,10/22/23,October,2023,yes,yes,,N/A,Christopher Kyle
EINP_W97,EINP,Wood,10/22/23,October,2023,yes,yes,,M,Christopher Kyle
EINP_W98,EINP,Wood,10/22/23,October,2023,yes,yes,,M,Christopher Kyle
EINP_W99,EINP,Wood,10/22/23,October,2023,yes,yes,,M,Christopher Kyle
EINP_W100,EINP,Wood,10/22/23,October,2023,yes,yes,,M,Christopher Kyle
EINP_P01,EINP,Plains,10/22/23,October,2023,yes,yes,,F,Christopher Kyle
EINP_P02,EINP,Plains,10/22/23,October,2023,yes,yes,,F,Christopher Kyle
EINP_P03,EINP,Plains,10/22/23,October,2023,yes,yes,,F,Christopher Kyle
EINP_P04,EINP,Plains,10/22/23,October,2023,yes,,,N/A,Christopher Kyle
EINP_P05,EINP,Plains,10/22/23,October,2023,yes,yes,,M,Christopher Kyle
EINP_P06,EINP,Plains,10/22/23,October,2023,yes,,,N/A,Christopher Kyle
EINP_P07,EINP,Plains,10/22/23,October,2023,yes,yes,,M,Christopher Kyle
EINP_P08,EINP,Plains,10/22/23,October,2023,yes,yes,,M,Christopher Kyle
EINP_P09,EINP,Plains,10/22/23,October,2023,yes,yes,,M,Christopher Kyle
EINP_P10,EINP,Plains,10/22/23,October,2023,yes,yes,,N/A,Christopher Kyle
EINP_P11,EINP,Plains,10/22/23,October,2023,yes,yes,,M,Christopher Kyle
EINP_P12,EINP,Plains,10/22/23,October,2023,yes,yes,,M,Christopher Kyle
EINP_P13,EINP,Plains,10/22/23,October,2023,yes,yes,,N/A,Christopher Kyle
EINP_P14,EINP,Plains,10/22/23,October,2023,yes,yes,,N/A,Christopher Kyle
EINP_P15,EINP,Plains,10/22/23,October,2023,yes,yes,,F,Christopher Kyle
EINP_P16,EINP,Plains,10/22/23,October,2023,yes,yes,,F,Christopher Kyle
EINP_P17,EINP,Plains,10/22/23,October,2023,yes,yes,,F,Christopher Kyle
EINP_P18,EINP,Plains,10/22/23,October,2023,yes,yes,,N/A,Christopher Kyle
EINP_P19,EINP,Plains,10/22/23,October,2023,yes,yes,,F,Christopher Kyle
EINP_P20,EINP,Plains,10/22/23,October,2023,yes,yes,,N/A,Christopher Kyle
EINP_P21,EINP,Plains,10/22/23,October,2023,yes,yes,,F,Christopher Kyle
EINP_P22,EINP,Plains,10/22/23,October,2023,yes,yes,,M,Christopher Kyle
EINP_P23,EINP,Plains,10/22/23,October,2023,yes,yes,,N/A,Christopher Kyle
EINP_P24,EINP,Plains,10/22/23,October,2023,yes,yes,,N/A,Christopher Kyle
EINP_P25,EINP,Plains,10/22/23,October,2023,yes,yes,,N/A,Christopher Kyle
EINP_P26,EINP,Plains,10/22/23,October,2023,yes,yes,,F,Christopher Kyle
EINP_P27,EINP,Plains,10/22/23,October,2023,yes,yes,,F,Christopher Kyle
EINP_P28,EINP,Plains,10/22/23,October,2023,yes,yes,,F,Christopher Kyle
EINP_P29,EINP,Plains,10/22/23,October,2023,yes,yes,,N/A,Christopher Kyle
EINP_P30,EINP,Plains,10/22/23,October,2023,yes,yes,,M,Christopher Kyle
EINP_P31,EINP,Plains,10/22/23,October,2023,yes,yes,,N/A,Christopher Kyle
EINP_P32,EINP,Plains,10/22/23,October,2023,yes,yes,,F,Christopher Kyle
EINP_P33,EINP,Plains,10/22/23,October,2023,yes,,,N/A,Christopher Kyle
EINP_P34,EINP,Plains,10/22/23,October,2023,yes,,,N/A,Christopher Kyle
EINP_P35,EINP,Plains,10/22/23,October,2023,yes,yes,,N/A,Christopher Kyle
EINP_P36,EINP,Plains,10/22/23,October,2023,yes,yes,,F,Christopher Kyle
EINP_P37,EINP,Plains,10/22/23,October,2023,yes,yes,,M,Christopher Kyle
EINP_P38,EINP,Plains,10/22/23,October,2023,yes,,,N/A,Christopher Kyle
EINP_P39,EINP,Plains,10/22/23,October,2023,yes,,,N/A,Christopher Kyle
EINP_P40,EINP,Plains,10/22/23,October,2023,yes,,,N/A,Christopher Kyle
EINP_P41,EINP,Plains,10/22/23,October,2023,yes,,,N/A,Christopher Kyle
EINP_P42,EINP,Plains,10/22/23,October,2023,yes,yes,,F,Christopher Kyle
EINP_P43,EINP,Plains,10/22/23,October,2023,yes,,,N/A,Christopher Kyle
EINP_P44,EINP,Plains,10/22/23,October,2023,yes,yes,,F,Christopher Kyle
EINP_P45,EINP,Plains,10/22/23,October,2023,yes,yes,,F,Christopher Kyle
EINP_P46,EINP,Plains,10/22/23,October,2023,yes,yes,,F,Christopher Kyle
EINP_P47,EINP,Plains,10/22/23,October,2023,yes,,,N/A,Christopher Kyle
EINP_P48,EINP,Plains,10/22/23,October,2023,yes,yes,,F,Christopher Kyle
EINP_P49,EINP,Plains,10/22/23,October,2023,yes,yes,,F,Christopher Kyle
EINP_P50,EINP,Plains,10/22/23,October,2023,yes,,,N/A,Christopher Kyle
EINP_P51,EINP,Plains,10/22/23,October,2023,yes,yes,,F,Christopher Kyle
EINP_P52,EINP,Plains,10/22/23,October,2023,yes,,,N/A,Christopher Kyle
EINP_P53,EINP,Plains,10/22/23,October,2023,yes,,,N/A,Christopher Kyle
EINP_P54,EINP,Plains,10/22/23,October,2023,yes,yes,,F,Christopher Kyle
EINP_P55,EINP,Plains,10/22/23,October,2023,yes,yes,,M,Christopher Kyle
EINP_P56,EINP,Plains,10/22/23,October,2023,yes,yes,,N/A,Christopher Kyle
EINP_P57,EINP,Plains,10/22/23,October,2023,yes,yes,,F,Christopher Kyle
EINP_P58,EINP,Plains,10/22/23,October,2023,yes,yes,,N/A,Christopher Kyle
EINP_P59,EINP,Plains,10/22/23,October,2023,yes,yes,,N/A,Christopher Kyle
EINP_P60,EINP,Plains,10/22/23,October,2023,yes,yes,,F,Christopher Kyle
EINP_P61,EINP,Plains,10/22/23,October,2023,yes,yes,,F,Christopher Kyle
EINP_P62,EINP,Plains,10/22/23,October,2023,yes,yes,,M,Christopher Kyle
EINP_P63,EINP,Plains,10/22/23,October,2023,yes,yes,,M,Christopher Kyle
EINP_P64,EINP,Plains,10/22/23,October,2023,yes,yes,,M,Christopher Kyle
EINP_P65,EINP,Plains,10/22/23,October,2023,yes,yes,,M,Christopher Kyle
EINP_P66,EINP,Plains,10/22/23,October,2023,yes,yes,,N/A,Christopher Kyle
EINP_P67,EINP,Plains,10/22/23,October,2023,yes,yes,,M,Christopher Kyle
EINP_P68,EINP,Plains,10/22/23,October,2023,yes,,,N/A,Christopher Kyle
EINP_P69,EINP,Plains,10/22/23,October,2023,yes,,,N/A,Christopher Kyle
EINP_P70,EINP,Plains,10/22/23,October,2023,yes,yes,,N/A,Christopher Kyle
EINP_P71,EINP,Plains,10/22/23,October,2023,yes,yes,,N/A,Christopher Kyle
EINP_P72,EINP,Plains,10/22/23,October,2023,yes,yes,,F,Christopher Kyle
EINP_P73,EINP,Plains,10/22/23,October,2023,yes,yes,,N/A,Christopher Kyle
EINP_P74,EINP,Plains,10/22/23,October,2023,yes,yes,,N/A,Christopher Kyle
EINP_P75,EINP,Plains,10/22/23,October,2023,yes,yes,,M,Christopher Kyle
EINP_P76,EINP,Plains,10/22/23,October,2023,yes,yes,,N/A,Christopher Kyle
EINP_P77,EINP,Plains,10/22/23,October,2023,yes,yes,,M,Christopher Kyle
EINP_P78,EINP,Plains,10/22/23,October,2023,yes,yes,,N/A,Christopher Kyle
EINP_P79,EINP,Plains,10/22/23,October,2023,yes,yes,,N/A,Christopher Kyle
EINP_P80,EINP,Plains,10/22/23,October,2023,yes,yes,,M,Christopher Kyle
EINP_P81,EINP,Plains,10/22/23,October,2023,yes,yes,,F,Christopher Kyle
EINP_P82,EINP,Plains,10/22/23,October,2023,yes,yes,,N/A,Christopher Kyle
EINP_P83,EINP,Plains,10/22/23,October,2023,yes,yes,,N/A,Christopher Kyle
EINP_P84,EINP,Plains,10/22/23,October,2023,yes,yes,,M,Christopher Kyle
EINP_P85,EINP,Plains,10/22/23,October,2023,yes,yes,,M,Christopher Kyle
EINP_P86,EINP,Plains,10/22/23,October,2023,yes,yes,,M,Christopher Kyle
EINP_P87,EINP,Plains,10/22/23,October,2023,yes,yes,,M,Christopher Kyle
EINP_P88,EINP,Plains,10/22/23,October,2023,yes,yes,,M,Christopher Kyle
EINP_P89,EINP,Plains,10/22/23,October,2023,yes,yes,,N/A,Christopher Kyle
EINP_P90,EINP,Plains,10/22/23,October,2023,yes,yes,,M,Christopher Kyle
EINP_P91,EINP,Plains,10/22/23,October,2023,yes,yes,,M,Christopher Kyle
EINP_P92,EINP,Plains,10/22/23,October,2023,yes,yes,,M,Christopher Kyle
EINP_P93,EINP,Plains,10/22/23,October,2023,yes,yes,,M,Christopher Kyle
EINP_P94,EINP,Plains,10/22/23,October,2023,yes,yes,,N/A,Christopher Kyle
EINP_P95,EINP,Plains,10/22/23,October,2023,yes,yes,,M,Christopher Kyle
EINP_P96,EINP,Plains,10/22/23,October,2023,yes,yes,,M,Christopher Kyle
EINP_P97,EINP,Plains,10/22/23,October,2023,yes,yes,,M,Christopher Kyle
EINP_P98,EINP,Plains,10/22/23,October,2023,yes,yes,,M,Christopher Kyle
EINP_P99,EINP,Plains,10/22/23,October,2023,yes,yes,,M,Christopher Kyle
EINP_P100,EINP,Plains,10/22/23,October,2023,yes,yes,,N/A,Christopher Kyle
EINP_WB136,EINP,Wood,23-Oct-24,October,2024,yes,,,,Christopher Kyle
EINP_WB137,EINP,Wood,23-Oct-24,October,2024,yes,,,,Christopher Kyle
EINP_WB138,EINP,Wood,23-Oct-24,October,2024,yes,,,,Christopher Kyle
EINP_WB139,EINP,Wood,23-Oct-24,October,2024,,,,,Christopher Kyle
EINP_WB140,EINP,Wood,23-Oct-24,October,2024,,,,,Christopher Kyle
EINP_WB141,EINP,Wood,23-Oct-24,October,2024,yes,,,,Christopher Kyle
EINP_WB142,EINP,Wood,23-Oct-24,October,2024,yes,,,,Christopher Kyle
EINP_WB143,EINP,Wood,23-Oct-24,October,2024,yes,,,,Christopher Kyle
EINP_WB144,EINP,Wood,23-Oct-24,October,2024,,,,,Christopher Kyle
EINP_WB145,EINP,Wood,23-Oct-24,October,2024,yes,,,,Christopher Kyle
EINP_WB146,EINP,Wood,23-Oct-24,October,2024,yes,,,,Christopher Kyle
EINP_WB147,EINP,Wood,23-Oct-24,October,2024,,,,,Christopher Kyle
EINP_WB148,EINP,Wood,23-Oct-24,October,2024,,,,,Christopher Kyle
EINP_WB149,EINP,Wood,23-Oct-24,October,2024,yes,,,,Christopher Kyle
EINP_WB150,EINP,Wood,23-Oct-24,October,2024,yes,,,,Christopher Kyle
EINP_PB101,EINP,Plains,23-Oct-24,October,2024,yes,,,,Christopher Kyle
EINP_PB102,EINP,Plains,23-Oct-24,October,2024,yes,,,,Christopher Kyle
EINP_PB103,EINP,Plains,23-Oct-24,October,2024,yes,,,,Christopher Kyle
EINP_PB104,EINP,Plains,23-Oct-24,October,2024,yes,,,,Christopher Kyle
EINP_PB105,EINP,Plains,23-Oct-24,October,2024,yes,,,,Christopher Kyle
EINP_PB106,EINP,Plains,23-Oct-24,October,2024,yes,,,,Christopher Kyle
EINP_PB107,EINP,Plains,23-Oct-24,October,2024,yes,,,,Christopher Kyle
EINP_PB108,EINP,Plains,23-Oct-24,October,2024,yes,,,,Christopher Kyle
EINP_PB109,EINP,Plains,23-Oct-24,October,2024,,,,,Christopher Kyle
EINP_PB110,EINP,Plains,23-Oct-24,October,2024,yes,,,,Christopher Kyle
EINP_PB111,EINP,Plains,23-Oct-24,October,2024,yes,,,,Christopher Kyle
EINP_PB112,EINP,Plains,23-Oct-24,October,2024,yes,,,,Christopher Kyle
EINP_PB113,EINP,Plains,23-Oct-24,October,2024,,,,,Christopher Kyle
EINP_PB114,EINP,Plains,23-Oct-24,October,2024,,,,,Christopher Kyle
EINP_PB115,EINP,Plains,23-Oct-24,October,2024,yes,,,,Christopher Kyle
EINP_PB116,EINP,Plains,23-Oct-24,October,2024,yes,,,,Christopher Kyle
EINP_PB117,EINP,Plains,23-Oct-24,October,2024,,,,,Christopher Kyle
EINP_PB118,EINP,Plains,23-Oct-24,October,2024,,,,,Christopher Kyle
EINP_PB119,EINP,Plains,23-Oct-24,October,2024,,,,,Christopher Kyle
EINP_PB120,EINP,Plains,23-Oct-24,October,2024,,,,,Christopher Kyle
EINP_PB121,EINP,Plains,23-Oct-24,October,2024,yes,,,,Christopher Kyle
EINP_PB122,EINP,Plains,23-Oct-24,October,2024,yes,,,,Christopher Kyle
EINP_PB123,EINP,Plains,23-Oct-24,October,2024,yes,,,,Christopher Kyle
EINP_PB124,EINP,Plains,23-Oct-24,October,2024,,,,,Christopher Kyle
EINP_PB125,EINP,Plains,23-Oct-24,October,2024,yes,,,,Christopher Kyle
EINP_PB126,EINP,Plains,23-Oct-24,October,2024,yes,,,,Christopher Kyle
EINP_PB127,EINP,Plains,23-Oct-24,October,2024,,,,,Christopher Kyle
EINP_PB128,EINP,Plains,23-Oct-24,October,2024,yes,,,,Christopher Kyle
EINP_PB129,EINP,Plains,23-Oct-24,October,2024,,,,,Christopher Kyle
EINP_PB130,EINP,Plains,23-Oct-24,October,2024,yes,,,,Christopher Kyle
EINP_PB132,EINP,Plains,23-Oct-24,October,2024,yes,,,,Christopher Kyle
EINP_PB133,EINP,Plains,23-Oct-24,October,2024,yes,,,,Christopher Kyle
EINP_PB134,EINP,Plains,23-Oct-24,October,2024,yes,,,,Christopher Kyle
EINP_PB135,EINP,Plains,23-Oct-24,October,2024,yes,,,,Christopher Kyle
EINP_WB101,EINP,Wood,23-Oct-24,October,2024,yes,,,,Christopher Kyle
EINP_WB102,EINP,Wood,23-Oct-24,October,2024,,,,,Christopher Kyle
EINP_WB103,EINP,Wood,23-Oct-24,October,2024,,,,,Christopher Kyle
EINP_WB104,EINP,Wood,23-Oct-24,October,2024,,,,,Christopher Kyle
EINP_WB105,EINP,Wood,23-Oct-24,October,2024,,,,,Christopher Kyle
EINP_WB106,EINP,Wood,23-Oct-24,October,2024,yes,,,,Christopher Kyle
EINP_WB107,EINP,Wood,23-Oct-24,October,2024,yes,,,,Christopher Kyle
EINP_WB108,EINP,Wood,23-Oct-24,October,2024,yes,,,,Christopher Kyle
EINP_WB109,EINP,Wood,23-Oct-24,October,2024,,,,,Christopher Kyle
EINP_WB110,EINP,Wood,23-Oct-24,October,2024,,,,,Christopher Kyle
EINP_WB111,EINP,Wood,23-Oct-24,October,2024,,,,,Christopher Kyle
EINP_WB112,EINP,Wood,23-Oct-24,October,2024,yes,,,,Christopher Kyle
EINP_WB113,EINP,Wood,23-Oct-24,October,2024,yes,,,,Christopher Kyle
EINP_WB114,EINP,Wood,23-Oct-24,October,2024,,,,,Christopher Kyle
EINP_WB115,EINP,Wood,23-Oct-24,October,2024,yes,,,,Christopher Kyle
EINP_WB116,EINP,Wood,23-Oct-24,October,2024,yes,,,,Christopher Kyle
EINP_WB117,EINP,Wood,23-Oct-24,October,2024,yes,,,,Christopher Kyle
EINP_WB118,EINP,Wood,23-Oct-24,October,2024,yes,,,,Christopher Kyle
EINP_WB119,EINP,Wood,23-Oct-24,October,2024,,,,,Christopher Kyle
EINP_WB120,EINP,Wood,23-Oct-24,October,2024,,,,,Christopher Kyle
EINP_WB121,EINP,Wood,23-Oct-24,October,2024,,,,,Christopher Kyle
EINP_WB122,EINP,Wood,23-Oct-24,October,2024,yes,,,,Christopher Kyle
EINP_WB123,EINP,Wood,23-Oct-24,October,2024,yes,,,,Christopher Kyle
EINP_WB124,EINP,Wood,23-Oct-24,October,2024,,,,,Christopher Kyle
EINP_WB125,EINP,Wood,23-Oct-24,October,2024,yes,,,,Christopher Kyle
EINP_WB126,EINP,Wood,23-Oct-24,October,2024,,,,,Christopher Kyle
EINP_WB127,EINP,Wood,23-Oct-24,October,2024,yes,,,,Christopher Kyle
EINP_WB128,EINP,Wood,23-Oct-24,October,2024,yes,,,,Christopher Kyle
EINP_WB129,EINP,Wood,23-Oct-24,October,2024,,,,,Christopher Kyle
EINP_WB130,EINP,Wood,23-Oct-24,October,2024,yes,,,,Christopher Kyle
EINP_WB131,EINP,Wood,23-Oct-24,October,2024,,,,,Christopher Kyle
EINP_WB132,EINP,Wood,23-Oct-24,October,2024,,,,,Christopher Kyle
EINP_WB133,EINP,Wood,23-Oct-24,October,2024,,,,,Christopher Kyle
EINP_WB134,EINP,Wood,23-Oct-24,October,2024,yes,,,,Christopher Kyle
EINP_WB135,EINP,Wood,23-Oct-24,October,2024,yes,,,,Christopher Kyle
WBNP_Oct24_001,WBNP,Wood,30-Oct-24,October ,2024,,,,,Christopher Kyle
WBNP_Oct24_002,WBNP,Wood,30-Oct-24,October ,2024,,,,,Christopher Kyle
WBNP_Oct24_003,WBNP,Wood,30-Oct-24,October,2024,,,,,Christopher Kyle
WBNP_Oct24_004,WBNP,Wood,30-Oct-24,October,2024,,,,,Christopher Kyle
WBNP_Oct24_005,WBNP,Wood,30-Oct-24,October,2024,,,,,Christopher Kyle
WBNP_Oct24_006,WBNP,Wood,30-Oct-24,October,2024,,,,,Christopher Kyle
WBNP_Oct24_007,WBNP,Wood,30-Oct-24,October,2024,,,,,Christopher Kyle
WBNP_Oct24_008,WBNP,Wood,30-Oct-24,October,2024,,,,,Christopher Kyle
WBNP_Oct24_009,WBNP,Wood,30-Oct-24,October,2024,,,,,Christopher Kyle
WBNP_Oct24_010,WBNP,Wood,30-Oct-24,October,2024,,,,,Christopher Kyle
WBNP_Oct24_011,WBNP,Wood,30-Oct-24,October,2024,,,,,Christopher Kyle
WBNP_Oct24_012,WBNP,Wood,30-Oct-24,October,2024,,,,,Christopher Kyle
WBNP_Oct24_013,WBNP,Wood,30-Oct-24,October,2024,,,,,Christopher Kyle
WBNP_Oct24_014,WBNP,Wood,30-Oct-24,October,2024,,,,,Christopher Kyle
WBNP_Oct24_015,WBNP,Wood,30-Oct-24,October,2024,,,,,Christopher Kyle
WBNP_Oct24_016,WBNP,Wood,30-Oct-24,October,2024,,,,,Christopher Kyle
WBNP_Oct24_017,WBNP,Wood,30-Oct-24,October,2024,,,,,Christopher Kyle
WBNP_Oct24_018,WBNP,Wood,30-Oct-24,October,2024,,,,,Christopher Kyle
WBNP_Oct24_019,WBNP,Wood,30-Oct-24,October,2024,,,,,Christopher Kyle
WBNP_Oct24_020,WBNP,Wood,30-Oct-24,October,2024,,,,,Christopher Kyle
WBNP_Oct24_021,WBNP,Wood,30-Oct-24,October,2024,,,,,Christopher Kyle
WBNP_Oct24_022,WBNP,Wood,30-Oct-24,October,2024,,,,,Christopher Kyle
WBNP_Oct24_023,WBNP,Wood,30-Oct-24,October,2024,,,,,Christopher Kyle
WBNP_Oct24_024,WBNP,Wood,30-Oct-24,October,2024,,,,,Christopher Kyle
WBNP_Oct24_025,WBNP,Wood,30-Oct-24,October,2024,,,,,Christopher Kyle
WBNP_Oct24_026,WBNP,Wood,30-Oct-24,October,2024,,,,,Christopher Kyle
WBNP_Oct24_027,WBNP,Wood,30-Oct-24,October,2024,,,,,Christopher Kyle
WBNP_Oct24_028,WBNP,Wood,30-Oct-24,October,2024,,,,,Christopher Kyle
WBNP_Oct24_029,WBNP,Wood,30-Oct-24,October,2024,,,,,Christopher Kyle
WBNP_Oct24_030,WBNP,Wood,30-Oct-24,October,2024,,,,,Christopher Kyle
WBNP_Oct24_031,WBNP,Wood,30-Oct-24,October,2024,,,,,Christopher Kyle
WBNP_Oct24_032,WBNP,Wood,30-Oct-24,October,2024,,,,,Christopher Kyle
WBNP_Oct24_033,WBNP,Wood,30-Oct-24,October,2024,,,,,Christopher Kyle
WBNP_Oct24_034,WBNP,Wood,30-Oct-24,October,2024,,,,,Christopher Kyle
WBNP_Oct24_035,WBNP,Wood,30-Oct-24,October,2024,,,,,Christopher Kyle
WBNP_Oct24_036,WBNP,Wood,30-Oct-24,October,2024,,,,,Christopher Kyle
WBNP_Oct24_037,WBNP,Wood,30-Oct-24,October,2024,,,,,Christopher Kyle
WBNP_Oct24_038,WBNP,Wood,30-Oct-24,October,2024,,,,,Christopher Kyle
WBNP_Oct24_039,WBNP,Wood,30-Oct-24,October,2024,,,,,Christopher Kyle
WBNP_Oct24_040,WBNP,Wood,30-Oct-24,October,2024,,,,,Christopher Kyle
WBNP_Oct24_041,WBNP,Wood,30-Oct-24,October,2024,,,,,Christopher Kyle
WBNP_Oct24_042,WBNP,Wood,30-Oct-24,October,2024,,,,,Christopher Kyle
WBNP_Oct24_043,WBNP,Wood,30-Oct-24,October,2024,,,,,Christopher Kyle
WBNP_Oct24_044,WBNP,Wood,30-Oct-24,October,2024,,,,,Christopher Kyle
WBNP_Oct24_045,WBNP,Wood,30-Oct-24,October,2024,,,,,Christopher Kyle
WBNP_Oct24_046,WBNP,Wood,30-Oct-24,October,2024,,,,,Christopher Kyle
WBNP_Oct24_047,WBNP,Wood,30-Oct-24,October,2024,,,,,Christopher Kyle
WBNP_Oct24_048,WBNP,Wood,30-Oct-24,October,2024,,,,,Christopher Kyle
WBNP_Oct24_049,WBNP,Wood,30-Oct-24,October,2024,,,,,Christopher Kyle
WBNP_Oct24_050,WBNP,Wood,30-Oct-24,October,2024,,,,,Christopher Kyle
WBNP_Oct24_051,WBNP,Wood,30-Oct-24,October,2024,,,,,Christopher Kyle
WBNP_Oct24_052,WBNP,Wood,30-Oct-24,October,2024,,,,,Christopher Kyle
WBNP_Oct24_053,WBNP,Wood,30-Oct-24,October,2024,,,,,Christopher Kyle
WBNP_Oct24_054,WBNP,Wood,30-Oct-24,October,2024,,,,,Christopher Kyle
WBNP_Oct24_055,WBNP,Wood,30-Oct-24,October,2024,,,,,Christopher Kyle
WBNP_Oct24_056,WBNP,Wood,30-Oct-24,October,2024,,,,,Christopher Kyle
WBNP_Oct24_057,WBNP,Wood,30-Oct-24,October,2024,,,,,Christopher Kyle
WBNP_Oct24_058,WBNP,Wood,30-Oct-24,October,2024,,,,,Christopher Kyle
WBNP_Oct24_059,WBNP,Wood,30-Oct-24,October,2024,,,,,Christopher Kyle
WBNP_Oct24_061,WBNP,Wood,30-Oct-24,October,2024,,,,,Christopher Kyle
WBNP_Oct24_062,WBNP,Wood,30-Oct-24,October,2024,,,,,Christopher Kyle
WBNP_Oct24_063,WBNP,Wood,30-Oct-24,October,2024,,,,,Christopher Kyle
WBNP_Oct24_064,WBNP,Wood,30-Oct-24,October,2024,,,,,Christopher Kyle
WBNP_Oct24_065,WBNP,Wood,30-Oct-24,October,2024,,,,,Christopher Kyle
WBNP_Oct24_066,WBNP,Wood,30-Oct-24,October,2024,,,,,Christopher Kyle
WBNP_Oct24_067,WBNP,Wood,30-Oct-24,October,2024,,,,,Christopher Kyle
WBNP_Oct24_068,WBNP,Wood,30-Oct-24,October,2024,,,,,Christopher Kyle
WBNP_Oct24_069,WBNP,Wood,30-Oct-24,October,2024,,,,,Christopher Kyle
WBNP_Oct24_070,WBNP,Wood,30-Oct-24,October,2024,,,,,Christopher Kyle
WBNP_Oct24_071,WBNP,Wood,30-Oct-24,October,2024,,,,,Christopher Kyle
WBNP_Oct24_072,WBNP,Wood,30-Oct-24,October,2024,,,,,Christopher Kyle
WBNP_Oct24_073,WBNP,Wood,30-Oct-24,October,2024,,,,,Christopher Kyle
WBNP_Oct24_074,WBNP,Wood,30-Oct-24,October,2024,,,,,Christopher Kyle
WBNP_Oct24_075,WBNP,Wood,30-Oct-24,October,2024,,,,,Christopher Kyle
WBNP_Oct24_076,WBNP,Wood,30-Oct-24,October,2024,,,,,Christopher Kyle
WBNP_Oct24_077,WBNP,Wood,30-Oct-24,October,2024,,,,,Christopher Kyle
WBNP_Oct24_078,WBNP,Wood,30-Oct-24,October,2024,,,,,Christopher Kyle
WBNP_Oct24_079,WBNP,Wood,30-Oct-24,October,2024,,,,,Christopher Kyle
WBNP_Oct24_080,WBNP,Wood,30-Oct-24,October,2024,,,,,Christopher Kyle
WBNP_Oct24_081,WBNP,Wood,30-Oct-24,October,2024,,,,,Christopher Kyle
WBNP_Oct24_082,WBNP,Wood,30-Oct-24,October,2024,,,,,Christopher Kyle
WBNP_Oct24_083,WBNP,Wood,30-Oct-24,October,2024,,,,,Christopher Kyle
WBNP_Oct24_084,WBNP,Wood,30-Oct-24,October,2024,,,,,Christopher Kyle
WBNP_Oct24_085,WBNP,Wood,30-Oct-24,October,2024,,,,,Christopher Kyle
WBNP_Oct24_086,WBNP,Wood,30-Oct-24,October,2024,,,,,Christopher Kyle
WBNP_Oct24_087,WBNP,Wood,30-Oct-24,October,2024,,,,,Christopher Kyle
WBNP_Oct24_088,WBNP,Wood,30-Oct-24,October,2024,,,,,Christopher Kyle
WBNP_Oct24_089,WBNP,Wood,30-Oct-24,October,2024,,,,,Christopher Kyle
WBNP_Oct24_090,WBNP,Wood,30-Oct-24,October,2024,,,,,Christopher Kyle
WBNP_Oct24_091,WBNP,Wood,30-Oct-24,October,2024,,,,,Christopher Kyle
WBNP_Oct24_092,WBNP,Wood,30-Oct-24,October,2024,,,,,Christopher Kyle
WBNP_Oct24_093,WBNP,Wood,30-Oct-24,October,2024,,,,,Christopher Kyle
WBNP_Oct24_094,WBNP,Wood,30-Oct-24,October,2024,,,,,Christopher Kyle
WBNP_Oct24_095,WBNP,Wood,30-Oct-24,October,2024,,,,,Christopher Kyle
WBNP_Oct24_096,WBNP,Wood,30-Oct-24,October,2024,,,,,Christopher Kyle
WBNP_Oct24_097,WBNP,Wood,30-Oct-24,October,2024,,,,,Christopher Kyle
WBNP_Oct24_098,WBNP,Wood,30-Oct-24,October,2024,,,,,Christopher Kyle
WBNP_Oct24_099,WBNP,Wood,30-Oct-24,October,2024,,,,,Christopher Kyle
WBNP_Oct24_100,WBNP,Wood,30-Oct-24,October,2024,,,,,Christopher Kyle
WBNP_Oct24_101,WBNP,Wood,30-Oct-24,October,2024,,,,,Christopher Kyle
WBNP_Oct24_102,WBNP,Wood,30-Oct-24,October,2024,,,,,Christopher Kyle
WBNP_Oct24_103,WBNP,Wood,30-Oct-24,October,2024,,,,,Christopher Kyle
WBNP_Oct24_104,WBNP,Wood,30-Oct-24,October,2024,,,,,Christopher Kyle
WBNP_Oct24_105,WBNP,Wood,30-Oct-24,October,2024,,,,,Christopher Kyle
WBNP_Oct24_106,WBNP,Wood,30-Oct-24,October,2024,,,,,Christopher Kyle
WBNP_Oct24_107,WBNP,Wood,30-Oct-24,October,2024,,,,,Christopher Kyle
WBNP_Oct24_108,WBNP,Wood,30-Oct-24,October,2024,,,,,Christopher Kyle
WBNP_Oct24_109,WBNP,Wood,30-Oct-24,October,2024,,,,,Christopher Kyle
WBNP_Oct24_110,WBNP,Wood,30-Oct-24,October,2024,,,,,Christopher Kyle
WBNP_Oct24_111,WBNP,Wood,30-Oct-24,October,2024,,,,,Christopher Kyle
WBNP_Oct24_112,WBNP,Wood,30-Oct-24,October,2024,,,,,Christopher Kyle
WBNP_Oct24_113,WBNP,Wood,30-Oct-24,October,2024,,,,,Christopher Kyle
WBNP_Oct24_114,WBNP,Wood,30-Oct-24,October,2024,,,,,Christopher Kyle
WBNP_Oct24_115,WBNP,Wood,30-Oct-24,October,2024,,,,,Christopher Kyle
WBNP_Oct24_116,WBNP,Wood,30-Oct-24,October,2024,,,,,Christopher Kyle
WBNP_Oct24_117,WBNP,Wood,30-Oct-24,October,2024,,,,,Christopher Kyle
WBNP_Oct24_118,WBNP,Wood,30-Oct-24,October,2024,,,,,Christopher Kyle
WBNP152,WBNP,Wood,11/17/2022,November,2022,,,,,Renee Petri
WBNP153,WBNP,Wood,11/17/2022,November,2022,,,,,Renee Petri
WBNP157,WBNP,Wood,11/17/2022,November,2022,,,,,Renee Petri
WBNP159,WBNP,Wood,11/17/2022,November,2022,,,,,Renee Petri
WBNP161,WBNP,Wood,11/17/2022,November,2022,,,,,Renee Petri
WBNP162,WBNP,Wood,11/17/2022,November,2022,,,,,Renee Petri
WBNP163,WBNP,Wood,11/17/2022,November,2022,,,,,Renee Petri
WBNP165,WBNP,Wood,11/17/2022,November,2022,,,,,Renee Petri
WBNP166,WBNP,Wood,11/17/2022,November,2022,,,,,Renee Petri
WBNP169,WBNP,Wood,11/17/2022,November,2022,,,,,Renee Petri
WBNP170,WBNP,Wood,11/17/2022,November,2022,,,,,Renee Petri
WBNP172,WBNP,Wood,11/17/2022,November,2022,,,,,Renee Petri
WBNP175,WBNP,Wood,11/17/2022,November,2022,,,,,Renee Petri
WBNP178,WBNP,Wood,11/17/2022,November,2022,,,,,Renee Petri
WBNP179,WBNP,Wood,11/17/2022,November,2022,,,,,Renee Petri
WBNP181,WBNP,Wood,11/17/2022,November,2022,,,,,Renee Petri
WBNP185,WBNP,Wood,11/17/2022,November,2022,,,,,Renee Petri
WBNP187,WBNP,Wood,11/17/2022,November,2022,,,,,Renee Petri
WBNP188,WBNP,Wood,11/17/2022,November,2022,,,,,Renee Petri
WBNP189,WBNP,Wood,11/17/2022,November,2022,,,,,Renee Petri
WBNP190,WBNP,Wood,11/17/2022,November,2022,,,,,Renee Petri
WBNP191,WBNP,Wood,11/17/2022,November,2022,,,,,Renee Petri
WBNP194,WBNP,Wood,11/17/2022,November,2022,,,,,Renee Petri
WBNP195,WBNP,Wood,11/17/2022,November,2022,,,,,Renee Petri
WBNP198,WBNP,Wood,11/17/2022,November,2022,,,,,Renee Petri
WBNP200,WBNP,Wood,11/17/2022,November,2022,,,,,Renee Petri
WBNP202,WBNP,Wood,11/17/2022,November,2022,,,,,Renee Petri
WBNP203,WBNP,Wood,11/17/2022,November,2022,,,,,Renee Petri
WBNP204,WBNP,Wood,11/17/2022,November,2022,,,,,Renee Petri
WBNP205,WBNP,Wood,11/17/2022,November,2022,,,,,Renee Petri
WBNP208,WBNP,Wood,11/17/2022,November,2022,,,,,Renee Petri
WBNP209,WBNP,Wood,11/17/2022,November,2022,,,,,Renee Petri
WBNP210,WBNP,Wood,11/17/2022,November,2022,,,,,Renee Petri
WBNP962,WBNP,Wood,3/14/2023,March,2023,,,,,Renee Petri
WBNP963,WBNP,Wood,3/14/2023,March,2023,,,,,Renee Petri
WBNP964,WBNP,Wood,3/14/2023,March,2023,,,,,Renee Petri
WBNP965,WBNP,Wood,3/14/2023,March,2023,,,,,Renee Petri
WBNP966,WBNP,Wood,3/14/2023,March,2023,,,,,Renee Petri
WBNP967,WBNP,Wood,3/14/2023,March,2023,,,,,Renee Petri
WBNP968,WBNP,Wood,3/14/2023,March,2023,,,,,Renee Petri
WBNP969,WBNP,Wood,3/14/2023,March,2023,,,,,Renee Petri
WBNP970,WBNP,Wood,3/14/2023,March,2023,,,,,Renee Petri
WBNP971,WBNP,Wood,3/14/2023,March,2023,,,,,Renee Petri
WBNP972,WBNP,Wood,3/14/2023,March,2023,,,,,Renee Petri
WBNP973,WBNP,Wood,3/14/2023,March,2023,,,,,Renee Petri
WBNP974,WBNP,Wood,3/14/2023,March,2023,,,,,Renee Petri
WBNP975,WBNP,Wood,3/14/2023,March,2023,,,,,Renee Petri
WBNP976,WBNP,Wood,3/14/2023,March,2023,,,,,Renee Petri
WBNP977,WBNP,Wood,3/14/2023,March,2023,,,,,Renee Petri
WBNP978,WBNP,Wood,3/14/2023,March,2023,,,,,Renee Petri
WBNP979,WBNP,Wood,3/14/2023,March,2023,,,,,Renee Petri
WBNP980,WBNP,Wood,3/14/2023,March,2023,,,,,Renee Petri
WBNP981,WBNP,Wood,3/14/2023,March,2023,,,,,Renee Petri
WBNP982,WBNP,Wood,3/14/2023,March,2023,,,,,Renee Petri
WBNP983,WBNP,Wood,3/14/2023,March,2023,,,,,Renee Petri
WBNP984,WBNP,Wood,3/14/2023,March,2023,,,,,Renee Petri
WBNP1012,WBNP,Wood,5/10/2023,May,2023,,,,,Renee Petri
WBNP1014,WBNP,Wood,5/10/2023,May,2023,,,,,Renee Petri
WBNP1015,WBNP,Wood,5/10/2023,May,2023,,,,,Renee Petri
WBNP1016,WBNP,Wood,5/10/2023,May,2023,,,,,Renee Petri
WBNP1017,WBNP,Wood,5/10/2023,May,2023,,,,,Renee Petri
WBNP1018,WBNP,Wood,5/10/2023,May,2023,,,,,Renee Petri
WBNP1019,WBNP,Wood,5/10/2023,May,2023,,,,,Renee Petri
WBNP1020,WBNP,Wood,5/10/2023,May,2023,,,,,Renee Petri
WBNP1021,WBNP,Wood,5/10/2023,May,2023,,,,,Renee Petri
WBNP1126,WBNP,Wood,3/14/2023,March,2023,,,,,Renee Petri
WBNP1127,WBNP,Wood,3/16/2023,March,2023,,,,,Renee Petri
WBNP1128,WBNP,Wood,3/15/2023,March,2023,,,,,Renee Petri
WBNP1129,WBNP,Wood,3/14/2023,March,2023,,,,,Renee Petri
WBNP1130,WBNP,Wood,3/14/2023,March,2023,,,,,Renee Petri
WBNP1131,WBNP,Wood,3/15/2023,March,2023,,,,,Renee Petri
WBNP1132,WBNP,Wood,3/14/2023,March,2023,,,,,Renee Petri
WBNP1133,WBNP,Wood,3/15/2023,March,2023,,,,,Renee Petri
WBNP1134,WBNP,Wood,3/15/2023,March,2023,,,,,Renee Petri
WBNP1137,WBNP,Wood,3/15/2023,March,2023,,,,,Renee Petri
WBNP1138,WBNP,Wood,3/14/2023,March,2023,,,,,Renee Petri
WBNP1139,WBNP,Wood,3/15/2023,March,2023,,,,,Renee Petri
WBNP1141,WBNP,Wood,3/14/2023,March,2023,,,,,Renee Petri
WBNP1142,WBNP,Wood,3/15/2023,March,2023,,,,,Renee Petri
WBNP1143,WBNP,Wood,3/15/2023,March,2023,,,,,Renee Petri
WBNP1144,WBNP,Wood,3/15/2023,March,2023,,,,,Renee Petri
WBNP1145,WBNP,Wood,3/15/2023,March,2023,,,,,Renee Petri
WBNP1146,WBNP,Wood,N/A,N/A,N/A,,,,,Renee Petri
WBNP1147,WBNP,Wood,3/15/2023,March,2023,,,,,Renee Petri
WBNP1148,WBNP,Wood,3/14/2023,March,2023,,,,,Renee Petri
WBNP1149,WBNP,Wood,3/15/2023,March,2023,,,,,Renee Petri
WBNP1150,WBNP,Wood,3/14/2023,March,2023,,,,,Renee Petri
WBNP736,WBNP,Wood,3/17/2023,March,2023,,,,,Renee Petri
WBNP738,WBNP,Wood,4/24/2023,April,2023,,,,,Renee Petri
WBNP748,WBNP,Wood,4/3/2023,April,2023,,,,,Renee Petri
WBNP749,WBNP,Wood,4/3/2023,April,2023,,,,,Renee Petri
WBNP750,WBNP,Wood,10/26/2023,October,2023,,,,,Renee Petri
WBNP751,WBNP,Wood,10/13/2023,October,2023,,,,,Renee Petri
WBNP752,WBNP,Wood,10/13/2023,October,2023,,,,,Renee Petri
WBNP753,WBNP,Wood,10/18/2023,October,2023,,,,,Renee Petri
WBNP754,WBNP,Wood,10/18/2023,October,2023,,,,,Renee Petri
WBNP755,WBNP,Wood,10/20/2023,October,2023,,,,,Renee Petri
WBNP757,WBNP,Wood,3/17/2023,March,2023,,,,,Renee Petri
WBNP758,WBNP,Wood,10/20/2023,October,2023,,,,,Renee Petri
WBNP759,WBNP,Wood,10/26/2023,October,2023,,,,,Renee Petri
WBNP761,WBNP,Wood,10/21/2023,October,2023,,,,,Renee Petri
WBNP763,WBNP,Wood,10/20/2023,October,2023,,,,,Renee Petri
WBNP764,WBNP,Wood,10/20/2023,October,2023,,,,,Renee Petri
WBNP765,WBNP,Wood,10/20/2023,October,2023,,,,,Renee Petri
WBNP766,WBNP,Wood,4/11/2023,April,2023,,,,,Renee Petri
WBNP767,WBNP,Wood,4/11/2023,April,2023,,,,,Renee Petri
WBNP768,WBNP,Wood,10/20/2023,October,2023,,,,,Renee Petri
WBNP769,WBNP,Wood,10/20/2023,October,2023,,,,,Renee Petri
WBNP770,WBNP,Wood,10/25/2023,October,2023,,,,,Renee Petri
WBNP771,WBNP,Wood,6/6/2022,June,2022,,,,,Renee Petri
WBNP772,WBNP,Wood,6/6/2022,June,2022,,,,,Renee Petri
WBNP773,WBNP,Wood,6/6/2022,June,2022,,,,,Renee Petri
WBNP774,WBNP,Wood,6/6/2022,June,2022,,,,,Renee Petri
WBNP775,WBNP,Wood,6/6/2022,June,2022,,,,,Renee Petri
WBNP776,WBNP,Wood,10/20/2022,June,2022,,,,,Renee Petri
WBNP777,WBNP,Wood,6/6/2022,June,2022,,,,,Renee Petri
WBNP778,WBNP,Wood,6/6/2022,June,2022,,,,,Renee Petri
WBNP779,WBNP,Wood,6/6/2022,June,2022,,,,,Renee Petri
WBNP780,WBNP,Wood,6/6/2022,June,2022,,,,,Renee Petri
WBNP781,WBNP,Wood,6/6/2022,June,2022,,,,,Renee Petri
WBNP782,WBNP,Wood,6/6/2022,June,2022,,,,,Renee Petri
WBNP783,WBNP,Wood,6/6/2022,June,2022,,,,,Renee Petri
WBNP784,WBNP,Wood,6/6/2022,June,2022,,,,,Renee Petri
WBNP785,WBNP,Wood,6/6/2022,June,2022,,,,,Renee Petri
WBNP786,WBNP,Wood,9/7/2022,September,2022,,,,,Renee Petri
WBNP787,WBNP,Wood,9/7/2022,September,2022,,,,,Renee Petri
WBNP788,WBNP,Wood,9/7/2022,September,2022,,,,,Renee Petri
WBNP789,WBNP,Wood,9/7/2022,September,2022,,,,,Renee Petri
WBNP790,WBNP,Wood,9/7/2022,September,2022,,,,,Renee Petri
WBNP791,WBNP,Wood,9/7/2022,September,2022,,,,,Renee Petri
WBNP792,WBNP,Wood,9/7/2022,September,2022,,,,,Renee Petri
WBNP793,WBNP,Wood,9/7/2022,September,2022,,,,,Renee Petri
WBNP794,WBNP,Wood,9/7/2022,September,2022,,,,,Renee Petri
WBNP795,WBNP,Wood,10/20/2022,October,2022,,,,,Renee Petri
WBNP796,WBNP,Wood,6/6/2022,June,2022,,,,,Renee Petri
WBNP797,WBNP,Wood,10/20/2022,October,2022,,,,,Renee Petri
WBNP798,WBNP,Wood,10/20/2022,October,2022,,,,,Renee Petri
WBNP799,WBNP,Wood,10/20/2022,October,2022,,,,,Renee Petri
WBNP800,WBNP,Wood,10/20/2022,October,2022,,,,,Renee Petri
WBNP801,WBNP,Wood,10/20/2022,October,2022,,,,,Renee Petri
WBNP802,WBNP,Wood,10/20/2022,October,2022,,,,,Renee Petri
WBNP803,WBNP,Wood,10/20/2022,October,2022,,,,,Renee Petri
WBNP804,WBNP,Wood,10/20/2022,October,2022,,,,,Renee Petri
WBNP805,WBNP,Wood,9/8/2022,October,2022,,,,,Renee Petri
WBNP806,WBNP,Wood,10/20/2022,October,2022,,,,,Renee Petri
WBNP807,WBNP,Wood,10/20/2022,October,2022,,,,,Renee Petri
WBNP808,WBNP,Wood,10/20/2022,October,2022,,,,,Renee Petri
WBNP809,WBNP,Wood,10/20/2022,October,2022,,,,,Renee Petri
WBNP810,WBNP,Wood,10/20/2022,October,2022,,,,,Renee Petri
WBNP811,WBNP,Wood,10/20/2022,October,2022,,,,,Renee Petri
PANP002,PANP,Plains,Feb-21,Feburary,2021,,,,,Greg Wilson
PANP003,PANP,Plains,Feb-21,Feburary,2021,,,,,Greg Wilson
PANP004,PANP,Plains,Feb-21,Feburary,2021,,,,,Greg Wilson
PANP006,PANP,Plains,Feb-21,Feburary,2021,,,,,Greg Wilson
PANP008,PANP,Plains,Feb-21,Feburary,2021,,,,,Greg Wilson
PANP011,PANP,Plains,Feb-21,Feburary,2021,,,,,Greg Wilson
PANP012,PANP,Plains,Feb-21,Feburary,2021,,,,,Greg Wilson
PANP014,PANP,Plains,Feb-21,Feburary,2021,,,,,Greg Wilson
PANP016,PANP,Plains,Feb-21,Feburary,2021,,,,,Greg Wilson
PANP017,PANP,Plains,Feb-21,Feburary,2021,,,,,Greg Wilson
PANP018,PANP,Plains,Feb-21,Feburary,2021,,,,,Greg Wilson
PANP019,PANP,Plains,Feb-21,Feburary,2021,,,,,Greg Wilson
PANP020,PANP,Plains,Feb-21,Feburary,2021,,,,,Greg Wilson
PANP023,PANP,Plains,Feb-21,Feburary,2021,,,,,Greg Wilson
PANP024,PANP,Plains,Feb-21,Feburary,2021,,,,,Greg Wilson
PANP025,PANP,Plains,Feb-21,Feburary,2021,,,,,Greg Wilson
PANP026,PANP,Plains,Feb-21,Feburary,2021,,,,,Greg Wilson
PANP031,PANP,Plains,Feb-21,Feburary,2021,,,,,Greg Wilson
PANP034,PANP,Plains,Feb-21,Feburary,2021,,,,,Greg Wilson
PANP035,PANP,Plains,Feb-21,Feburary,2021,,,,,Greg Wilson
PANP038,PANP,Plains,Feb-21,Feburary,2021,,,,,Greg Wilson
PANP041,PANP,Plains,Feb-21,Feburary,2021,,,,,Greg Wilson
PANP043,PANP,Plains,Feb-21,Feburary,2021,,,,,Greg Wilson
PANP045,PANP,Plains,Feb-21,Feburary,2021,,,,,Greg Wilson
PANP048,PANP,Plains,Feb-21,Feburary,2021,,,,,Greg Wilson
PANP050,PANP,Plains,Feb-21,Feburary,2021,,,,,Greg Wilson
PANP051,PANP,Plains,Feb-21,Feburary,2021,,,,,Greg Wilson
PANP052,PANP,Plains,Feb-21,Feburary,2021,,,,,Greg Wilson
PANP054,PANP,Plains,Feb-21,Feburary,2021,,,,,Greg Wilson
PANP055,PANP,Plains,Feb-21,Feburary,2021,,,,,Greg Wilson
PANP057,PANP,Plains,Feb-21,Feburary,2021,,,,,Greg Wilson
PANP061,PANP,Plains,Feb-21,Feburary,2021,,,,,Greg Wilson
PANP062,PANP,Plains,Feb-21,Feburary,2021,,,,,Greg Wilson
PANP068,PANP,Plains,Feb-21,Feburary,2021,,,,,Greg Wilson
PANP070,PANP,Plains,Feb-21,Feburary,2021,,,,,Greg Wilson
PANP071,PANP,Plains,Feb-21,Feburary,2021,,,,,Greg Wilson
PANP072,PANP,Plains,Feb-21,Feburary,2021,,,,,Greg Wilson
PANP073,PANP,Plains,Feb-21,Feburary,2021,,,,,Greg Wilson
PANP074,PANP,Plains,Feb-21,Feburary,2021,,,,,Greg Wilson
PANP075,PANP,Plains,Feb-21,Feburary,2021,,,,,Greg Wilson
PANP080,PANP,Plains,Feb-21,Feburary,2021,,,,,Greg Wilson
PANP082,PANP,Plains,Feb-21,Feburary,2021,,,,,Greg Wilson
PANP085,PANP,Plains,Feb-21,Feburary,2021,,,,,Greg Wilson
PANP086,PANP,Plains,Feb-21,Feburary,2021,,,,,Greg Wilson
PANP087,PANP,Plains,Feb-21,Feburary,2021,,,,,Greg Wilson
MAN-391-Fe,Chitek Lake (MB),Wood,3/14/2023,March,2023,,,,,Renee Petri
MAN-392-Fe,Chitek Lake (MB),Wood,3/14/2023,March,2023,,,,,Renee Petri
MAN-393-Fe,Chitek Lake (MB),Wood,3/14/2023,March,2023,,,,,Renee Petri
MAN-394-Fe,Chitek Lake (MB),Wood,3/14/2023,March,2023,,,,,Renee Petri
MAN-395-Fe,Chitek Lake (MB),Wood,3/14/2023,March,2023,,,,,Renee Petri
MAN-396-Fe,Chitek Lake (MB),Wood,3/14/2023,March,2023,,,,,Renee Petri
MAN-397-Fe,Chitek Lake (MB),Wood,3/14/2023,March,2023,,,,,Renee Petri
MAN-398-Fe,Chitek Lake (MB),Wood,3/14/2023,March,2023,,,,,Renee Petri
MAN-399-Fe,Chitek Lake (MB),Wood,3/14/2023,March,2023,,,,,Renee Petri
MAN-400-Fe,Chitek Lake (MB),Wood,3/14/2023,March,2023,,,,,Renee Petri
MAN-401-Fe,Chitek Lake (MB),Wood,3/14/2023,March,2023,,,,,Renee Petri
MAN-402-Fe,Chitek Lake (MB),Wood,3/14/2023,March,2023,,,,,Renee Petri
MAN-403-Fe,Chitek Lake (MB),Wood,3/14/2023,March,2023,,,,,Renee Petri
MAN-404-Fe,Chitek Lake (MB),Wood,3/14/2023,March,2023,,,,,Renee Petri
MAN-405-Fe,Chitek Lake (MB),Wood,3/14/2023,March,2023,,,,,Renee Petri
MAN-406-Fe,Chitek Lake (MB),Wood,3/14/2023,March,2023,,,,,Renee Petri
MAN-407-Fe,Chitek Lake (MB),Wood,3/14/2023,March,2023,,,,,Renee Petri
MAN-408-Fe,Chitek Lake (MB),Wood,3/14/2023,March,2023,,,,,Renee Petri
MAN-409-Fe,Chitek Lake (MB),Wood,3/14/2023,March,2023,,,,,Renee Petri
MAN-410-Fe,Chitek Lake (MB),Wood,3/14/2023,March,2023,,,,,Renee Petri
MAN-411-Fe,Chitek Lake (MB),Wood,3/14/2023,March,2023,,,,,Renee Petri
MAN-412-Fe,Chitek Lake (MB),Wood,3/14/2023,March,2023,,,,,Renee Petri
MAN-413-Fe,Chitek Lake (MB),Wood,3/14/2023,March,2023,,,,,Renee Petri
MAN-414-Fe,Chitek Lake (MB),Wood,3/14/2023,March,2023,,,,,Renee Petri
MAN-415-Fe,Chitek Lake (MB),Wood,3/14/2023,March,2023,,,,,Renee Petri
MAN-416-Fe,Chitek Lake (MB),Wood,3/14/2023,March,2023,,,,,Renee Petri
MAN-417-Fe,Chitek Lake (MB),Wood,3/14/2023,March,2023,,,,,Renee Petri
MAN-418-Fe,Chitek Lake (MB),Wood,3/14/2023,March,2023,,,,,Renee Petri
MAN-419-Fe,Chitek Lake (MB),Wood,3/14/2023,March,2023,,,,,Renee Petri
MAN-420-Fe,Chitek Lake (MB),Wood,3/14/2023,March,2023,,,,,Renee Petri
24BNP_001,Banff National Park,Plains,2024,,2024,,,,,Greg Wilson
24BNP_002,Banff National Park,Plains,2024,,2024,,,,,Greg Wilson
24BNP_003,Banff National Park,Plains,2024,,2024,,,,,Greg Wilson
24BNP_004,Banff National Park,Plains,2024,,2024,,,,,Greg Wilson
24BNP_005,Banff National Park,Plains,2024,,2024,,,,,Greg Wilson
24BNP_006,Banff National Park,Plains,2024,,2024,,,,,Greg Wilson
24BNP_007,Banff National Park,Plains,2024,,2024,,,,,Greg Wilson
24BNP_008,Banff National Park,Plains,2024,,2024,,,,,Greg Wilson
24BNP_009,Banff National Park,Plains,2024,,2024,,,,,Greg Wilson
24BNP_010,Banff National Park,Plains,2024,,2024,,,,,Greg Wilson
24BNP_011,Banff National Park,Plains,2024,,2024,,,,,Greg Wilson
24BNP_012,Banff National Park,Plains,2024,,2024,,,,,Greg Wilson
24BNP_013,Banff National Park,Plains,2024,,2024,,,,,Greg Wilson
24BNP_014,Banff National Park,Plains,2024,,2024,,,,,Greg Wilson
24BNP_015,Banff National Park,Plains,2024,,2024,,,,,Greg Wilson
Wab24_07,Wabasca,Wood,N/A,March?,2024,,,,,Greg Wilson
24Wab_004,Wabasca,Wood,N/A,January?,2024,,,,,Greg Wilson
24Wab_005,Wabasca,Wood,N/A,January?,2024,,,,,Greg Wilson
24Wab_0011,Wabasca,Wood,N/A,January?,2024,,,,,Greg Wilson
24Wab_001,Wabasca,Wood,N/A,January?,2024,,,,,Greg Wilson
Wab24_09,Wabasca,Wood,N/A,March?,2024,,,,,Greg Wilson
Wab24_04,Wabasca,Wood,N/A,March?,2024,,,,,Greg Wilson
24Wab_002,Wabasca,Wood,N/A,January?,2024,,,,,Greg Wilson
24Wab_006,Wabasca,Wood,N/A,January?,2024,,,,,Greg Wilson
Wab24_02,Wabasca,Wood,N/A,March?,2024,,,,,Greg Wilson
Wab24_012,Wabasca,Wood,N/A,March?,2024,,,,,Greg Wilson
Wab24_08,Wabasca,Wood,N/A,March?,2024,,,,,Greg Wilson
24Wab_007,Wabasca,Wood,N/A,January?,2024,,,,,Greg Wilson
24Wab_008,Wabasca,Wood,N/A,January?,2024,,,,,Greg Wilson
24Wab_009,Wabasca,Wood,N/A,January?,2024,,,,,Greg Wilson
24Wab_0010,Wabasca,Wood,N/A,January?,2024,,,,,Greg Wilson
24Wab_0012,Wabasca,Wood,N/A,January?,2024,,,,,Greg Wilson
24Wab_003,Wabasca,Wood,N/A,January?,2024,,,,,Greg Wilson
Wab24_010,Wabasca,Wood,N/A,March?,2024,,,,,Greg Wilson
Wab24_03,Wabasca,Wood,N/A,March?,2024,,,,,Greg Wilson
Wab24_01,Wabasca,Wood,N/A,March?,2024,,,,,Greg Wilson
Wab24_06,Wabasca,Wood,N/A,March?,2024,,,,,Greg Wilson
Wab24_011,Wabasca,Wood,N/A,March?,2024,,,,,Greg Wilson
Wab24_05,Wabasca,Wood,N/A,March?,2024,,,,,Greg Wilson
YUK01,Yukon,Wood,10/9/2022,October,2022,,,,,Renee Petri
YUK04,Yukon,Wood,10/9/2022,October,2022,,,,,Renee Petri
YUK05,Yukon,Wood,Sep-22,September,2022,,,,,Renee Petri
YUK06,Yukon,Wood,10/9/2022,October,2022,,,,,Renee Petri
YUK07,Yukon,Wood,10/9/2022,October,2022,,,,,Renee Petri
YUK08,Yukon,Wood,Sep-22,September,2022,,,,,Renee Petri
YUK09,Yukon,Wood,Sep-22,September,2022,,,,,Renee Petri
YUK1047,Yukon,Wood,2022,,2022,,,,,Renee Petri
YUK1071,Yukon,Wood,10/9/2022,October,2022,,,,,Renee Petri
YUK1081,Yukon,Wood,10/9/2022,October,2022,,,,,Renee Petri
YUK1085,Yukon,Wood,10/9/2022,October,2022,,,,,Renee Petri
YUK1086,Yukon,Wood,10/9/2022,October,2022,,,,,Renee Petri
YUK1088,Yukon,Wood,10/9/2022,October,2022,,,,,Renee Petri
YUK1089,Yukon,Wood,10/9/2022,October,2022,,,,,Renee Petri
YUK1091,Yukon,Wood,10/9/2022,October,2022,,,,,Renee Petri
YUK10,Yukon,Wood,Sep-22,September,2022,,,,,Renee Petri
YUK1116,Yukon,Wood,10/9/2022,October,2022,,,,,Renee Petri
YUK1117,Yukon,Wood,10/9/2022,October,2022,,,,,Renee Petri
YUK1118,Yukon,Wood,10/9/2022,October,2022,,,,,Renee Petri
YUK1119,Yukon,Wood,10/9/2022,October,2022,,,,,Renee Petri
YUK1121,Yukon,Wood,10/9/2022,October,2022,,,,,Renee Petri
YUK1123,Yukon,Wood,10/9/2022,October,2022,,,,,Renee Petri
YUK1124,Yukon,Wood,10/9/2022,October,2022,,,,,Renee Petri
YUK1125,Yukon,Wood,10/9/2022,October,2022,,,,,Renee Petri
YUK11,Yukon,Wood,Sep-22,September,2022,,,,,Renee Petri
YUK12,Yukon,Wood,Sep-22,September,2022,,,,,Renee Petri
YUK13,Yukon,Wood,2/23/2022,Feburary,2022,,,,,Renee Petri
YUK15,Yukon,Wood,2/23/2022,Feburary,2022,,,,,Renee Petri
YUK17,Yukon,Wood,Sep-22,September,2022,,,,,Renee Petri
YUK18,Yukon,Wood,10/9/2022,October,2022,,,,,Renee Petri
YUK19,Yukon,Wood,10/9/2022,October,2022,,,,,Renee Petri
YUK20,Yukon,Wood,10/9/2022,October,2022,,,,,Renee Petri
YUK21,Yukon,Wood,Sep-22,September,2022,,,,,Renee Petri
YUK224,Yukon,Wood,2022,,2022,,,,,Renee Petri
YUK22,Yukon,Wood,10/9/2022,October,2022,,,,,Renee Petri
YUK233,Yukon,Wood,2022,,2022,,,,,Renee Petri
YUK23,Yukon,Wood,Sep-22,September,2022,,,,,Renee Petri
YUK254,Yukon,Wood,2/18/2022,Feburary,2022,,,,,Renee Petri
YUK25,Yukon,Wood,10/9/2022,October,2022,,,,,Renee Petri
YUK267,Yukon,Wood,2022,,2022,,,,,Renee Petri
YUK27,Yukon,Wood,10/9/2022,October,2022,,,,,Renee Petri
YUK29,Yukon,Wood,Sep-22,September,2022,,,,,Renee Petri
YUK30,Yukon,Wood,2/15/2022,Feburary,2022,,,,,Renee Petri
YUK559,Yukon,Wood,Mar-23,March,2023,,,,,Renee Petri
YUK578,Yukon,Wood,Feb-21,Feburary,2021,,,,,Renee Petri
